Date,Anchor Text,Price
2024-08-14,"SAMSUNG Galaxy S24 Cell Phone, 128GB AI Smartphone, Unlocked Android, 50MP Camera, Fastest Processor, Long Battery Life, US Version, 2024, Onyx Black, SM-S921UZKAXAA (Renewed)",$599.00 
2024-08-14,"SAMSUNG Galaxy S24 Cell Phone, 128GB AI Smartphone, Unlocked Android, 50MP Camera, Fastest Processor, Long Battery Life, US Version, 2024, Onyx Black, SM-S921UZKAXAA (Renewed)",$599.00 
2024-08-14,SAMSUNG Galaxy s24 5G 128GB Phantom Black - Verizon (Renewed),$468.00 
2024-08-14,SAMSUNG Galaxy S24 5G 256GB Factory Unlocked - Cobalt Violet (Renewed),$674.99 
2024-08-14,"SAMSUNG Galaxy S24 Cell Phone, 256GB AI Smartphone, Unlocked Android, 50MP Camera, Fastest Processor, Long Battery Life, US Version, 2024, Onyx Black (Renewed)",N/A
2024-08-14,SAMSUNG Galaxy S24 5G 128GB Factory Unlocked - Cobalt Violet (Renewed),$574.95 
2024-08-14,SAMSUNG Galaxy S24 5G 128GB Factory Unlocked - Onyx Black (Renewed),$579.95 
2024-08-14,Samsung Galaxy S24 5G 128GB Factory Unlocked - Marble Gray (Renewed),$619.50 
2024-08-14,SAMSUNG Galaxy S24 5G 256GB Factory Unlocked - Jade Green (Renewed),$679.99 
2024-08-14,SAMSUNG Galaxy S24 5G 128GB Factory Unlocked - Amber Yellow (Renewed),$572.00 
2024-08-14,"SAMSUNG Galaxy S24 Cell Phone, 128GB AI Smartphone, Unlocked Android, 50MP Camera, Fastest Processor, Long Battery Life, US Version, 2024, Onyx Black, SM-S921UZKAXAA (Renewed)",$599.00 
2024-08-14,"SAMSUNG Galaxy S24 Cell Phone, 128GB AI Smartphone, Unlocked Android, 50MP Camera, Fastest Processor, Long Battery Life, US Version, 2024, Onyx Black, SM-S921UZKAXAA (Renewed)",$599.00 
2024-08-14,SAMSUNG Galaxy s24 5G 128GB Phantom Black - Verizon (Renewed),$468.00 
2024-08-14,SAMSUNG Galaxy S24 5G 256GB Factory Unlocked - Cobalt Violet (Renewed),$674.99 
2024-08-14,"SAMSUNG Galaxy S24 Cell Phone, 256GB AI Smartphone, Unlocked Android, 50MP Camera, Fastest Processor, Long Battery Life, US Version, 2024, Onyx Black (Renewed)",N/A
2024-08-14,SAMSUNG Galaxy S24 5G 128GB Factory Unlocked - Cobalt Violet (Renewed),$574.95 
2024-08-14,SAMSUNG Galaxy S24 5G 128GB Factory Unlocked - Onyx Black (Renewed),$579.95 
2024-08-14,SAMSUNG Galaxy S24 5G 256GB Factory Unlocked - Jade Green (Renewed),$679.99 
2024-08-14,Samsung Galaxy S24 5G 128GB Factory Unlocked - Marble Gray (Renewed),$619.50 
2024-08-14,SAMSUNG Galaxy S24 5G 128GB Factory Unlocked - Amber Yellow (Renewed),$572.00 
2024-08-14,"SAMSUNG Galaxy S24 Cell Phone, 128GB AI Smartphone, Unlocked Android, 50MP Camera, Fastest Processor, Long Battery Life, US Version, 2024, Onyx Black, SM-S921UZKAXAA (Renewed)",$599.00 
2024-08-14,"SAMSUNG Galaxy S24 Cell Phone, 128GB AI Smartphone, Unlocked Android, 50MP Camera, Fastest Processor, Long Battery Life, US Version, 2024, Onyx Black, SM-S921UZKAXAA (Renewed)",$599.00 
2024-08-14,SAMSUNG Galaxy s24 5G 128GB Phantom Black - Verizon (Renewed),$468.00 
2024-08-14,SAMSUNG Galaxy S24 5G 256GB Factory Unlocked - Cobalt Violet (Renewed),$674.99 
2024-08-14,SAMSUNG Galaxy S24 5G 128GB Factory Unlocked - Cobalt Violet (Renewed),$574.95 
2024-08-14,"Samsung Galaxy S24 Cell Phone, 256GB AI Smartphone, Unlocked Android, 50MP Camera, Fastest Processor, Long Battery Life, US Version, 2024, Cobalt Violet (Renewed)",$659.99 
2024-08-14,SAMSUNG Galaxy S24 5G 128GB Factory Unlocked - Onyx Black (Renewed),$579.95 
2024-08-14,SAMSUNG Galaxy S24 5G 256GB Factory Unlocked - Jade Green (Renewed),$679.99 
2024-08-14,Samsung Galaxy S24 5G 128GB Factory Unlocked - Marble Gray (Renewed),$619.50 
2024-08-14,SAMSUNG Galaxy S24 5G 128GB Factory Unlocked - Amber Yellow (Renewed),$572.00 
2024-08-15,"SAMSUNG Galaxy S24 Cell Phone, 128GB AI Smartphone, Unlocked Android, 50MP Camera, Fastest Processor, Long Battery Life, US Version, 2024, Onyx Black, SM-S921UZKAXAA (Renewed)",$589.00 
2024-08-15,"SAMSUNG Galaxy S24 Cell Phone, 128GB AI Smartphone, Unlocked Android, 50MP Camera, Fastest Processor, Long Battery Life, US Version, 2024, Onyx Black, SM-S921UZKAXAA (Renewed)",$589.00 
2024-08-15,SAMSUNG Galaxy s24 5G 128GB Phantom Black - Verizon (Renewed),$589.99 
2024-08-15,SAMSUNG Galaxy S24 5G 256GB Factory Unlocked - Cobalt Violet (Renewed),$674.99 
2024-08-15,SAMSUNG Galaxy S24 5G 128GB Factory Unlocked - Cobalt Violet (Renewed),$574.95 
2024-08-15,"Samsung Galaxy S24 Cell Phone, 256GB AI Smartphone, Unlocked Android, 50MP Camera, Fastest Processor, Long Battery Life, US Version, 2024, Cobalt Violet (Renewed)",$659.99 
2024-08-15,SAMSUNG Galaxy S24 5G 128GB Factory Unlocked - Onyx Black (Renewed),$579.95 
2024-08-15,SAMSUNG Galaxy S24 5G 256GB Factory Unlocked - Jade Green (Renewed),$679.99 
2024-08-15,Samsung Galaxy S24 5G 128GB Factory Unlocked - Marble Gray (Renewed),$619.50 
2024-08-15,SAMSUNG Galaxy S24 5G 128GB Factory Unlocked - Amber Yellow (Renewed),$572.00 
2024-08-17,"SAMSUNG Galaxy S24 Cell Phone, 128GB AI Smartphone, Unlocked Android, 50MP Camera, Fastest Processor, Long Battery Life, US Version, 2024, Onyx Black, SM-S921UZKAXAA (Renewed)",$565.00 
2024-08-17,"SAMSUNG Galaxy S24 Cell Phone, 128GB AI Smartphone, Unlocked Android, 50MP Camera, Fastest Processor, Long Battery Life, US Version, 2024, Onyx Black, SM-S921UZKAXAA (Renewed)",$565.00 
2024-08-17,SAMSUNG Galaxy s24 5G 128GB Phantom Black - Verizon (Renewed),$589.99 
2024-08-17,SAMSUNG Galaxy S24 5G 256GB Factory Unlocked - Cobalt Violet (Renewed),$668.50 
2024-08-17,"Samsung Galaxy S24 Cell Phone, 256GB AI Smartphone, Unlocked Android, 50MP Camera, Fastest Processor, Long Battery Life, US Version, 2024, Cobalt Violet (Renewed)",$659.99 
2024-08-17,SAMSUNG Galaxy S24 5G 128GB Factory Unlocked - Cobalt Violet (Renewed),$574.95 
2024-08-17,SAMSUNG Galaxy S24 5G 128GB Factory Unlocked - Onyx Black (Renewed),$579.70 
2024-08-17,Generic SAMSUNG Galaxy S24 5G 128GB Marble Gray - TMobile (Renewed),$629.99 
2024-08-17,SAMSUNG Galaxy S24 5G 128GB Factory Unlocked - Amber Yellow (Renewed),$572.00 
2024-08-17,Samsung Galaxy S24 5G 128GB Factory Unlocked - Marble Gray (Renewed),$619.50 
2024-08-17,SAMSUNG Galaxy S24 5G 256GB Factory Unlocked - Jade Green (Renewed),$679.99 
2024-08-18,"SAMSUNG Galaxy S24 Cell Phone, 128GB AI Smartphone, Unlocked Android, 50MP Camera, Fastest Processor, Long Battery Life, US Version, 2024, Onyx Black, SM-S921UZKAXAA (Renewed)",719.99
2024-08-18,"SAMSUNG Galaxy S24 Cell Phone, 128GB AI Smartphone, Unlocked Android, 50MP Camera, Fastest Processor, Long Battery Life, US Version, 2024, Onyx Black, SM-S921UZKAXAA (Renewed)",563
2024-08-18,SAMSUNG Galaxy s24 5G 128GB Phantom Black - Verizon (Renewed),589.99
2024-08-18,SAMSUNG Galaxy S24 5G 256GB Factory Unlocked - Cobalt Violet (Renewed),668.5
2024-08-18,SAMSUNG Galaxy S24 5G 128GB Factory Unlocked - Cobalt Violet (Renewed),574.95
2024-08-18,"Samsung Galaxy S24 Cell Phone, 256GB AI Smartphone, Unlocked Android, 50MP Camera, Fastest Processor, Long Battery Life, US Version, 2024, Cobalt Violet (Renewed)",659.99
2024-08-18,SAMSUNG Galaxy S24 5G 128GB Factory Unlocked - Onyx Black (Renewed),557.3
2024-08-18,Generic SAMSUNG Galaxy S24 5G 128GB Marble Gray - TMobile (Renewed),629.99
2024-08-18,SAMSUNG Galaxy S24 5G 128GB Factory Unlocked - Amber Yellow (Renewed),570
2024-08-18,Samsung Galaxy S24 5G 128GB Factory Unlocked - Marble Gray (Renewed),619.5

2024-08-19,"SAMSUNG Galaxy S24 Cell Phone, 128GB AI Smartphone, Unlocked Android, 50MP Camera, Fastest Processor, Long Battery Life, US Version, 2024, Onyx Black, SM-S921UZKAXAA (Renewed)",719.99
2024-08-19,"SAMSUNG Galaxy S24 Cell Phone, 128GB AI Smartphone, Unlocked Android, 50MP Camera, Fastest Processor, Long Battery Life, US Version, 2024, Onyx Black, SM-S921UZKAXAA (Renewed)",565.0
2024-08-19,SAMSUNG Galaxy s24 5G 128GB Phantom Black - Verizon (Renewed),589.99
2024-08-19,SAMSUNG Galaxy S24 5G 256GB Factory Unlocked - Amber Yellow (Renewed),649.94
2024-08-19,SAMSUNG Galaxy S24 5G 128GB Factory Unlocked - Cobalt Violet (Renewed),574.95
2024-08-19,"Samsung Galaxy S24 Cell Phone, 256GB AI Smartphone, Unlocked Android, 50MP Camera, Fastest Processor, Long Battery Life, US Version, 2024, Cobalt Violet (Renewed)",659.99
2024-08-19,SAMSUNG Galaxy S24 5G 128GB Factory Unlocked - Onyx Black (Renewed),575.0
2024-08-19,Generic SAMSUNG Galaxy S24 5G 128GB Marble Gray - TMobile (Renewed),629.99
2024-08-19,SAMSUNG Galaxy S24 5G 256GB Factory Unlocked - Jade Green (Renewed),679.99
2024-08-19,SAMSUNG Galaxy S24 5G 128GB Factory Unlocked - Amber Yellow (Renewed),570.0
2024-08-19,Samsung Galaxy S24 5G 128GB Factory Unlocked - Marble Gray (Renewed),619.5
2024-08-20,"SAMSUNG Galaxy S24 Cell Phone, 128GB AI Smartphone, Unlocked Android, 50MP Camera, Fastest Processor, Long Battery Life, US Version, 2024, Onyx Black, SM-S921UZKAXAA (Renewed)",719.99
2024-08-20,"SAMSUNG Galaxy S24 Cell Phone, 128GB AI Smartphone, Unlocked Android, 50MP Camera, Fastest Processor, Long Battery Life, US Version, 2024, Onyx Black, SM-S921UZKAXAA (Renewed)",599.0
2024-08-20,SAMSUNG Galaxy s24 5G 128GB Phantom Black - Verizon (Renewed),509.0
2024-08-20,SAMSUNG Galaxy S24 5G 128GB Factory Unlocked - Cobalt Violet (Renewed),574.95
2024-08-20,SAMSUNG Galaxy S24 5G 256GB Factory Unlocked - Cobalt Violet (Renewed),668.5
2024-08-20,SAMSUNG Galaxy S24 5G 128GB Factory Unlocked - Onyx Black (Renewed),575.0
2024-08-20,"Samsung Galaxy S24 Cell Phone, 256GB AI Smartphone, Unlocked Android, 50MP Camera, Fastest Processor, Long Battery Life, US Version, 2024, Cobalt Violet (Renewed)",659.99
2024-08-20,Generic SAMSUNG Galaxy S24 5G 128GB Marble Gray - TMobile (Renewed),629.99
2024-08-20,SAMSUNG Galaxy S24 5G 128GB Factory Unlocked - Amber Yellow (Renewed),570.0
2024-08-20,SAMSUNG Galaxy S24 5G 256GB Factory Unlocked - Jade Green (Renewed),679.99
2024-08-20,Samsung Galaxy S24 5G 128GB Factory Unlocked - Marble Gray (Renewed),619.5
2024-08-21,"SAMSUNG Galaxy S24 Cell Phone, 128GB AI Smartphone, Unlocked Android, 50MP Camera, Fastest Processor, Long Battery Life, US Version, 2024, Onyx Black, SM-S921UZKAXAA (Renewed)",719.99
2024-08-21,"SAMSUNG Galaxy S24 Cell Phone, 128GB AI Smartphone, Unlocked Android, 50MP Camera, Fastest Processor, Long Battery Life, US Version, 2024, Onyx Black, SM-S921UZKAXAA (Renewed)",629.99
2024-08-21,SAMSUNG Galaxy s24 5G 128GB Phantom Black - Verizon (Renewed),589.99
2024-08-21,SAMSUNG Galaxy S24 5G 256GB Factory Unlocked - Cobalt Violet (Renewed),669.99
2024-08-21,SAMSUNG Galaxy S24 5G 128GB Factory Unlocked - Cobalt Violet (Renewed),573.95
2024-08-21,"Samsung Galaxy S24 Cell Phone, 256GB AI Smartphone, Unlocked Android, 50MP Camera, Fastest Processor, Long Battery Life, US Version, 2024, Cobalt Violet (Renewed)",659.99
2024-08-21,Generic SAMSUNG Galaxy S24 5G 128GB Marble Gray - TMobile (Renewed),629.99
2024-08-21,SAMSUNG Galaxy S24 5G 256GB Factory Unlocked - Jade Green (Renewed),669.99
2024-08-23,"SAMSUNG Galaxy S24 Cell Phone, 128GB AI Smartphone, Unlocked Android, 50MP Camera, Fastest Processor, Long Battery Life, US Version, 2024, Cobalt Violet (Renewed)",719.99
2024-08-23,"SAMSUNG Galaxy S24 Cell Phone, 128GB AI Smartphone, Unlocked Android, 50MP Camera, Fastest Processor, Long Battery Life, US Version, 2024, Cobalt Violet (Renewed)",579.0
2024-08-23,SAMSUNG Galaxy s24 5G 128GB Phantom Black - Verizon (Renewed),586.0
2024-08-23,"SAMSUNG Galaxy S24 Cell Phone, 256GB AI Smartphone, Unlocked Android, 50MP Camera, Fastest Processor, Long Battery Life, US Version, 2024, Onyx Black (Renewed)",628.99
2024-08-23,SAMSUNG Galaxy S24 5G 256GB Factory Unlocked - Cobalt Violet (Renewed),649.99
2024-08-23,SAMSUNG Galaxy S24 5G 128GB Factory Unlocked - Cobalt Violet (Renewed),574.95
2024-08-23,Generic SAMSUNG Galaxy S24 5G 128GB Marble Gray - TMobile (Renewed),609.99
2024-08-23,SAMSUNG Galaxy S24 5G 256GB Factory Unlocked - Sandstone Orange (Renewed),649.99
2024-08-24,"SAMSUNG Galaxy S24 Cell Phone, 128GB AI Smartphone, Unlocked Android, 50MP Camera, Fastest Processor, Long Battery Life, US Version, 2024, Cobalt Violet (Renewed)",719.99
2024-08-24,"SAMSUNG Galaxy S24 Cell Phone, 128GB AI Smartphone, Unlocked Android, 50MP Camera, Fastest Processor, Long Battery Life, US Version, 2024, Cobalt Violet (Renewed)",589.95
2024-08-24,SAMSUNG Galaxy s24 5G 128GB Phantom Black - Verizon (Renewed),586.0
2024-08-24,"SAMSUNG Galaxy S24 Cell Phone, 256GB AI Smartphone, Unlocked Android, 50MP Camera, Fastest Processor, Long Battery Life, US Version, 2024, Onyx Black (Renewed)",628.99
2024-08-24,SAMSUNG Galaxy S24 5G 128GB Factory Unlocked - Cobalt Violet (Renewed),599.99
2024-08-24,SAMSUNG Galaxy S24 5G 256GB Factory Unlocked - Cobalt Violet (Renewed),649.99
2024-08-24,Generic SAMSUNG Galaxy S24 5G 128GB Marble Gray - TMobile (Renewed),609.99
2024-08-24,SAMSUNG Galaxy S24 5G 256GB Factory Unlocked - Sandstone Orange (Renewed),649.99
2024-08-25,"SAMSUNG Galaxy S24 Cell Phone, 128GB AI Smartphone, Unlocked Android, 50MP Camera, Fastest Processor, Long Battery Life, US Version, 2024, Cobalt Violet (Renewed)",719.99
2024-08-25,"SAMSUNG Galaxy S24 Cell Phone, 128GB AI Smartphone, Unlocked Android, 50MP Camera, Fastest Processor, Long Battery Life, US Version, 2024, Cobalt Violet (Renewed)",579.0
2024-08-25,SAMSUNG Galaxy s24 5G 128GB Phantom Black - Verizon (Renewed),586.0
2024-08-25,SAMSUNG Galaxy S24 5G 128GB Factory Unlocked - Cobalt Violet (Renewed),599.99
2024-08-25,SAMSUNG Galaxy S24 5G 256GB Factory Unlocked - Cobalt Violet (Renewed),649.99
2024-08-25,"Samsung Galaxy S24 Cell Phone, 256GB AI Smartphone, Unlocked Android, 50MP Camera, Fastest Processor, Long Battery Life, US Version, 2024, Cobalt Violet (Renewed)",659.99
2024-08-25,SAMSUNG Galaxy S24 5G 256GB Factory Unlocked - Sandstone Orange (Renewed),649.99
2024-08-26,"SAMSUNG Galaxy S24 Cell Phone, 128GB AI Smartphone, Unlocked Android, 50MP Camera, Fastest Processor, Long Battery Life, US Version, 2024, Cobalt Violet (Renewed)",799.0
2024-08-26,"SAMSUNG Galaxy S24 Cell Phone, 128GB AI Smartphone, Unlocked Android, 50MP Camera, Fastest Processor, Long Battery Life, US Version, 2024, Cobalt Violet (Renewed)",589.95
2024-08-26,SAMSUNG Galaxy s24 5G 128GB Phantom Black - Verizon (Renewed),586.0
2024-08-26,SAMSUNG Galaxy S24 5G 128GB Factory Unlocked - Cobalt Violet (Renewed),599.99
2024-08-26,SAMSUNG Galaxy S24 5G 256GB Factory Unlocked - Cobalt Violet (Renewed),649.99
2024-08-26,"Samsung Galaxy S24 Cell Phone, 256GB AI Smartphone, Unlocked Android, 50MP Camera, Fastest Processor, Long Battery Life, US Version, 2024, Cobalt Violet (Renewed)",659.99
2024-08-26,SAMSUNG Galaxy S24 5G 256GB Factory Unlocked - Jade Green (Renewed),649.99
2024-08-26,SAMSUNG Galaxy S24 5G 128GB Cobalt Violet - AT&T (Renewed),609.99
2024-08-27,"SAMSUNG Galaxy S24 Cell Phone, 128GB AI Smartphone, Unlocked Android, 50MP Camera, Fastest Processor, Long Battery Life, US Version, 2024, Cobalt Violet (Renewed)",799.0
2024-08-27,"SAMSUNG Galaxy S24 Cell Phone, 128GB AI Smartphone, Unlocked Android, 50MP Camera, Fastest Processor, Long Battery Life, US Version, 2024, Cobalt Violet (Renewed)",584.95
2024-08-27,SAMSUNG Galaxy s24 5G 128GB Phantom Black - Verizon (Renewed),479.98
2024-08-27,SAMSUNG Galaxy S24 5G 128GB Factory Unlocked - Cobalt Violet (Renewed),599.99
2024-08-27,SAMSUNG Galaxy S24 5G 256GB Factory Unlocked - Cobalt Violet (Renewed),649.99
2024-08-27,"Samsung Galaxy S24 Cell Phone, 256GB AI Smartphone, Unlocked Android, 50MP Camera, Fastest Processor, Long Battery Life, US Version, 2024, Cobalt Violet (Renewed)",659.99
2024-08-27,SAMSUNG Galaxy S24 5G 256GB Factory Unlocked - Jade Green (Renewed),649.99
2024-08-27,SAMSUNG Galaxy S24 5G 128GB Cobalt Violet - AT&T (Renewed),609.99
2024-08-28,"SAMSUNG Galaxy S24 Cell Phone, 128GB AI Smartphone, Unlocked Android, 50MP Camera, Fastest Processor, Long Battery Life, US Version, 2024, Cobalt Violet (Renewed)",799.0
2024-08-28,"SAMSUNG Galaxy S24 Cell Phone, 128GB AI Smartphone, Unlocked Android, 50MP Camera, Fastest Processor, Long Battery Life, US Version, 2024, Cobalt Violet (Renewed)",599.0
2024-08-28,SAMSUNG Galaxy s24 5G 128GB Phantom Black - Verizon (Renewed),479.98
2024-08-28,"SAMSUNG Galaxy S24 Cell Phone, 256GB AI Smartphone, Unlocked Android, 50MP Camera, Fastest Processor, Long Battery Life, US Version, 2024, Onyx Black (Renewed)",593.0
2024-08-28,SAMSUNG Galaxy S24 5G 256GB Factory Unlocked - Cobalt Violet (Renewed),649.99
2024-08-28,SAMSUNG Galaxy S24 5G 128GB Factory Unlocked - Cobalt Violet (Renewed),599.99
2024-08-28,SAMSUNG Galaxy S24 5G 256GB Factory Unlocked - Sapphire Blue (Renewed),649.99
2024-08-28,SAMSUNG Galaxy S24 5G 256GB Cobalt Violet - AT&T (Renewed),659.99
2024-08-29,"SAMSUNG Galaxy S24 Cell Phone, 128GB AI Smartphone, Unlocked Android, 50MP Camera, Fastest Processor, Long Battery Life, US Version, 2024, Cobalt Violet (Renewed)",799.0
2024-08-29,"SAMSUNG Galaxy S24 Cell Phone, 128GB AI Smartphone, Unlocked Android, 50MP Camera, Fastest Processor, Long Battery Life, US Version, 2024, Cobalt Violet (Renewed)",584.0
2024-08-29,SAMSUNG Galaxy s24 5G 128GB Phantom Black - Verizon (Renewed),479.98
2024-08-29,"SAMSUNG Galaxy S24 Cell Phone, 256GB AI Smartphone, Unlocked Android, 50MP Camera, Fastest Processor, Long Battery Life, US Version, 2024, Onyx Black (Renewed)",610.0
2024-08-29,SAMSUNG Galaxy S24 5G 256GB Factory Unlocked - Cobalt Violet (Renewed),649.49
2024-08-29,SAMSUNG Galaxy S24 5G 128GB Factory Unlocked - Cobalt Violet (Renewed),574.95
2024-08-30,"SAMSUNG Galaxy S24 Cell Phone, 128GB AI Smartphone, Unlocked Android, 50MP Camera, Fastest Processor, Long Battery Life, US Version, 2024, Cobalt Violet (Renewed)",799.0
2024-08-30,"SAMSUNG Galaxy S24 Cell Phone, 128GB AI Smartphone, Unlocked Android, 50MP Camera, Fastest Processor, Long Battery Life, US Version, 2024, Cobalt Violet (Renewed)",589.95
2024-08-30,SAMSUNG Galaxy s24 5G 128GB Phantom Black - Verizon (Renewed),479.98
2024-08-30,"SAMSUNG Galaxy S24 Cell Phone, 256GB AI Smartphone, Unlocked Android, 50MP Camera, Fastest Processor, Long Battery Life, US Version, 2024, Onyx Black (Renewed)",610.0
2024-08-30,SAMSUNG Galaxy S24 5G 256GB Factory Unlocked - Cobalt Violet (Renewed),649.99
2024-08-30,SAMSUNG Galaxy S24 5G 128GB Factory Unlocked - Cobalt Violet (Renewed),574.95
2024-08-30,SAMSUNG Galaxy S24 5G 128GB Marble Gray - TMobile Only (Renewed),505.0
2024-08-30,SAMSUNG Galaxy S24 5G 256GB Factory Unlocked - Sapphire Blue (Renewed),639.99
2024-08-31,"SAMSUNG Galaxy S24 Cell Phone, 128GB AI Smartphone, Unlocked Android, 50MP Camera, Fastest Processor, Long Battery Life, US Version, 2024, Cobalt Violet (Renewed)",599.0
2024-08-31,SAMSUNG Galaxy s24 5G 128GB Phantom Black - Verizon (Renewed),479.98
2024-08-31,"SAMSUNG Galaxy S24 Cell Phone, 256GB AI Smartphone, Unlocked Android, 50MP Camera, Fastest Processor, Long Battery Life, US Version, 2024, Onyx Black (Renewed)",610.0
2024-08-31,SAMSUNG Galaxy S24 5G 128GB Marble Gray - TMobile Only (Renewed),498.25
2024-08-31,SAMSUNG Galaxy S24 5G 256GB Factory Unlocked - Cobalt Violet (Renewed),647.99
2024-08-31,SAMSUNG Galaxy S24 5G 128GB Factory Unlocked - Cobalt Violet (Renewed),574.95
2024-08-31,SAMSUNG Galaxy S24 5G 256GB Factory Unlocked - Sapphire Blue (Renewed),629.99
2024-09-01,"SAMSUNG Galaxy S24 Cell Phone, 128GB AI Smartphone, Unlocked Android, 50MP Camera, Fastest Processor, Long Battery Life, US Version, 2024, Cobalt Violet (Renewed)",799.0
2024-09-01,"SAMSUNG Galaxy S24 Cell Phone, 128GB AI Smartphone, Unlocked Android, 50MP Camera, Fastest Processor, Long Battery Life, US Version, 2024, Cobalt Violet (Renewed)",584.9
2024-09-01,SAMSUNG Galaxy s24 5G 128GB Phantom Black - Verizon (Renewed),479.98
2024-09-01,"SAMSUNG Galaxy S24 Cell Phone, 256GB AI Smartphone, Unlocked Android, 50MP Camera, Fastest Processor, Long Battery Life, US Version, 2024, Onyx Black (Renewed)",610.0
2024-09-01,SAMSUNG Galaxy S24 5G 256GB Factory Unlocked - Amber Yellow (Renewed),629.99
2024-09-01,SAMSUNG Galaxy S24 5G 128GB Factory Unlocked - Cobalt Violet (Renewed),574.95
2024-09-01,SAMSUNG Galaxy S24 5G 128GB Marble Gray - TMobile Only (Renewed),495.37
2024-09-01,SAMSUNG Galaxy S24 5G 256GB Factory Unlocked - Sapphire Blue (Renewed),629.99
2024-09-02,"SAMSUNG Galaxy S24 Cell Phone, 128GB AI Smartphone, Unlocked Android, 50MP Camera, Fastest Processor, Long Battery Life, US Version, 2024, Cobalt Violet (Renewed)",719.99
2024-09-02,"SAMSUNG Galaxy S24 Cell Phone, 128GB AI Smartphone, Unlocked Android, 50MP Camera, Fastest Processor, Long Battery Life, US Version, 2024, Cobalt Violet (Renewed)",584.9
2024-09-02,SAMSUNG Galaxy s24 5G 128GB Phantom Black - Verizon (Renewed),479.98
2024-09-02,SAMSUNG Galaxy S24 5G 256GB Factory Unlocked - Onyx Black (Renewed),621.0
2024-09-02,SAMSUNG Galaxy S24 5G 128GB Factory Unlocked - Cobalt Violet (Renewed),574.95
2024-09-02,SAMSUNG Galaxy S24 5G 128GB Marble Gray - TMobile Only (Renewed),492.59
2024-09-02,"SAMSUNG Galaxy S24 Cell Phone, 256GB AI Smartphone, Unlocked Android, 50MP Camera, Fastest Processor, Long Battery Life, US Version, 2024, Onyx Black (Renewed)",630.0
2024-09-02,SAMSUNG Galaxy S24 5G 256GB Factory Unlocked - Sapphire Blue (Renewed),624.99
2024-09-03,"SAMSUNG Galaxy S24 Cell Phone, 128GB AI Smartphone, Unlocked Android, 50MP Camera, Fastest Processor, Long Battery Life, US Version, 2024, Cobalt Violet (Renewed)",719.99
2024-09-03,"SAMSUNG Galaxy S24 Cell Phone, 128GB AI Smartphone, Unlocked Android, 50MP Camera, Fastest Processor, Long Battery Life, US Version, 2024, Cobalt Violet (Renewed)",599.0
2024-09-03,SAMSUNG Galaxy s24 5G 128GB Phantom Black - Verizon (Renewed),479.98
2024-09-03,SAMSUNG Galaxy S24 5G 128GB Marble Gray - TMobile Only (Renewed),484.74
2024-09-03,SAMSUNG Galaxy S24 5G 128GB Factory Unlocked - Cobalt Violet (Renewed),574.95
2024-09-03,SAMSUNG Galaxy S24 5G 256GB Factory Unlocked - Cobalt Violet (Renewed),646.88
2024-09-03,SAMSUNG Galaxy S24 5G 256GB Factory Unlocked - Sapphire Blue (Renewed),649.99
2024-09-03,"Samsung Galaxy S24 Cell Phone, 256GB AI Smartphone, Unlocked Android, 50MP Camera, Fastest Processor, Long Battery Life, US Version, 2024, Cobalt Violet (Renewed)",659.99
2024-09-03,SAMSUNG Galaxy S24 5G 128GB Cobalt Violet - AT&T (Renewed),599.99
2024-09-04,"SAMSUNG Galaxy S24 Cell Phone, 128GB AI Smartphone, Unlocked Android, 50MP Camera, Fastest Processor, Long Battery Life, US Version, 2024, Cobalt Violet (Renewed)",584.9
2024-09-04,SAMSUNG Galaxy s24 5G 128GB Phantom Black - Verizon (Renewed),479.98
2024-09-04,SAMSUNG Galaxy S24 5G 128GB Factory Unlocked - Onyx Black (Renewed),574.45
2024-09-04,SAMSUNG Galaxy S24 5G 128GB Marble Gray - TMobile Only (Renewed),475.67
2024-09-04,SAMSUNG Galaxy S24 5G 256GB Factory Unlocked - Cobalt Violet (Renewed),646.88
2024-09-04,SAMSUNG Galaxy S24 5G 256GB Factory Unlocked - Sapphire Blue (Renewed),649.99
2024-09-04,"Samsung Galaxy S24 Cell Phone, 256GB AI Smartphone, Unlocked Android, 50MP Camera, Fastest Processor, Long Battery Life, US Version, 2024, Cobalt Violet (Renewed)",659.99
2024-09-05,"SAMSUNG Galaxy S24 Cell Phone, 128GB AI Smartphone, Unlocked Android, 50MP Camera, Fastest Processor, Long Battery Life, US Version, 2024, Cobalt Violet (Renewed)",584.9
2024-09-05,SAMSUNG Galaxy s24 5G 128GB Phantom Black - Verizon (Renewed),479.98
2024-09-05,SAMSUNG Galaxy S24 5G 128GB Marble Gray - TMobile Only (Renewed),482.36
2024-09-05,"SAMSUNG Galaxy S24 Cell Phone, 256GB AI Smartphone, Unlocked Android, 50MP Camera, Fastest Processor, Long Battery Life, US Version, 2024, Onyx Black (Renewed)",630.0
2024-09-05,SAMSUNG Galaxy S24 5G 128GB Factory Unlocked - Cobalt Violet (Renewed),574.95
2024-09-05,SAMSUNG Galaxy S24 5G 256GB Factory Unlocked - Amber Yellow (Renewed),649.99
2024-09-05,SAMSUNG Galaxy S24 5G 256GB Factory Unlocked - Sapphire Blue (Renewed),649.99
2024-09-05,SAMSUNG Galaxy S24 5G 128GB Cobalt Violet - AT&T (Renewed),599.99
2024-09-06,"SAMSUNG Galaxy S24 Cell Phone, 128GB AI Smartphone, Unlocked Android, 50MP Camera, Fastest Processor, Long Battery Life, US Version, 2024, Cobalt Violet (Renewed)",537.62
2024-09-06,SAMSUNG Galaxy S24 5G 128GB Factory Unlocked - Onyx Black (Renewed),530.59
2024-09-06,SAMSUNG Galaxy s24 5G 128GB Phantom Black - Verizon (Renewed),479.98
2024-09-06,SAMSUNG Galaxy S24 5G 128GB Marble Gray - TMobile Only (Renewed),471.81
2024-09-06,"SAMSUNG Galaxy S24 Cell Phone, 256GB AI Smartphone, Unlocked Android, 50MP Camera, Fastest Processor, Long Battery Life, US Version, 2024, Onyx Black (Renewed)",580.0
2024-09-06,SAMSUNG Galaxy S24 5G 256GB Factory Unlocked - Onyx Black (Renewed),619.99
2024-09-06,SAMSUNG Galaxy S24 5G 256GB Factory Unlocked - Sapphire Blue (Renewed),609.99
2024-09-08,"SAMSUNG Galaxy S24 Cell Phone, 128GB AI Smartphone, Unlocked Android, 50MP Camera, Fastest Processor, Long Battery Life, US Version, 2024, Cobalt Violet (Renewed)",579.9
2024-09-08,SAMSUNG Galaxy s24 5G 128GB Phantom Black - Verizon (Renewed),479.98
2024-09-08,SAMSUNG Galaxy S24 5G 128GB Factory Unlocked - Cobalt Violet (Renewed),574.95
2024-09-08,SAMSUNG Galaxy S24 5G 128GB Marble Gray - TMobile Only (Renewed),483.91
2024-09-08,SAMSUNG Galaxy S24 5G 256GB Factory Unlocked - Cobalt Violet (Renewed),646.88
2024-09-08,SAMSUNG Galaxy S24 5G 256GB Factory Unlocked - Sapphire Blue (Renewed),609.99
2024-09-08,"Samsung Galaxy S24 Cell Phone, 256GB AI Smartphone, Unlocked Android, 50MP Camera, Fastest Processor, Long Battery Life, US Version, 2024, Cobalt Violet (Renewed)",695.0
2024-09-09,"SAMSUNG Galaxy S24 Cell Phone, 128GB AI Smartphone, Unlocked Android, 50MP Camera, Fastest Processor, Long Battery Life, US Version, 2024, Cobalt Violet (Renewed)",579.9
2024-09-09,SAMSUNG Galaxy S24 5G 128GB Factory Unlocked - Onyx Black (Renewed),524.88
2024-09-09,SAMSUNG Galaxy s24 5G 128GB Phantom Black - Verizon (Renewed),479.98
2024-09-09,SAMSUNG Galaxy S24 5G 128GB Marble Gray - TMobile Only (Renewed),483.99
2024-09-09,SAMSUNG Galaxy S24 5G 256GB Factory Unlocked - Cobalt Violet (Renewed),639.0
2024-09-09,SAMSUNG Galaxy S24 5G 256GB Factory Unlocked - Sapphire Blue (Renewed),609.99
2024-09-10,"SAMSUNG Galaxy S24 Cell Phone, 128GB AI Smartphone, Unlocked Android, 50MP Camera, Fastest Processor, Long Battery Life, US Version, 2024, Cobalt Violet (Renewed)",549.99
2024-09-10,SAMSUNG Galaxy S24 5G 128GB Factory Unlocked - Onyx Black (Renewed),524.88
2024-09-10,SAMSUNG Galaxy s24 5G 128GB Phantom Black - Verizon (Renewed),478.0
2024-09-10,SAMSUNG Galaxy S24 5G 256GB Factory Unlocked - Sapphire Blue (Renewed),579.99
2024-09-10,"SAMSUNG Galaxy S24 Cell Phone, 256GB AI Smartphone, Unlocked Android, 50MP Camera, Fastest Processor, Long Battery Life, US Version, 2024, Onyx Black (Renewed)",593.0
2024-09-10,SAMSUNG Galaxy S24 5G 256GB Factory Unlocked - Cobalt Violet (Renewed),639.0
2024-09-12,SAMSUNG Galaxy S24 5G 128GB Factory Unlocked - Onyx Black (Renewed),523.67
2024-09-12,SAMSUNG Galaxy s24 5G 128GB Phantom Black - Verizon (Renewed),474.98
2024-09-12,SAMSUNG Galaxy S24 5G 256GB Factory Unlocked - Onyx Black (Renewed),614.5
2024-09-12,SAMSUNG Galaxy S24 5G 256GB Factory Unlocked - Sapphire Blue (Renewed),579.99
2024-09-12,"SAMSUNG Galaxy S24 Cell Phone, 256GB AI Smartphone, Unlocked Android, 50MP Camera, Fastest Processor, Long Battery Life, US Version, 2024, Marble Gray (Renewed)",579.99
2024-09-12,SAMSUNG Galaxy S24 5G 256GB Factory Unlocked - Cobalt Violet (Renewed),600.0
2024-09-12,SAMSUNG Galaxy S24 5G 128GB Factory Unlocked - Sapphire Blue (Renewed),549.99
2024-09-12,SAMSUNG Galaxy S24 5G 256GB Factory Unlocked - Amber Yellow (Renewed),600.0
2024-09-12,SAMSUNG Galaxy S24 5G 256GB Factory Unlocked - Marble Gray (Renewed),579.99
2024-09-12,"Samsung Galaxy S24 Cell Phone, 256GB AI Smartphone, Unlocked Android, 50MP Camera, Fastest Processor, Long Battery Life, US Version, 2024, Cobalt Violet (Renewed)",649.16
2024-09-12,SAMSUNG Galaxy S24 5G 256GB Marble Gray - TMobile (Renewed),579.99
2024-09-13,SAMSUNG Galaxy S24 5G 128GB Factory Unlocked - Cobalt Violet (Renewed),548.0
2024-09-13,SAMSUNG Galaxy S24 5G 256GB Factory Unlocked - Cobalt Violet (Renewed),638.5
2024-09-13,"SAMSUNG Galaxy S24 Cell Phone, 256GB AI Smartphone, Unlocked Android, 50MP Camera, Fastest Processor, Long Battery Life, US Version, 2024, Onyx Black (Renewed)",635.35
2024-09-13,SAMSUNG Galaxy s24 5G 128GB Phantom Black - Verizon (Renewed),469.98
2024-09-13,SAMSUNG Galaxy S24 5G 256GB Factory Unlocked - Sapphire Blue (Renewed),579.99
2024-09-13,SAMSUNG Galaxy S24 5G 256GB Factory Unlocked - Onyx Black (Renewed),645.0
2024-09-13,SAMSUNG Galaxy S24 5G 256GB Factory Unlocked - Amber Yellow (Renewed),595.0
2024-09-13,"SAMSUNG Galaxy S24 Cell Phone, 128GB AI Smartphone, Unlocked Android, 50MP Camera, Fastest Processor, Long Battery Life, US Version, 2024, Amber Yellow (Renewed)",549.99
2024-09-13,SAMSUNG Galaxy S24 5G 256GB Factory Unlocked - Marble Gray (Renewed),654.99
2024-09-13,"Samsung Galaxy S24 Cell Phone, 256GB AI Smartphone, Unlocked Android, 50MP Camera, Fastest Processor, Long Battery Life, US Version, 2024, Cobalt Violet (Renewed)",695.0
2024-09-14,SAMSUNG Galaxy S24 5G 128GB Factory Unlocked - Cobalt Violet (Renewed),548.0
2024-09-14,SAMSUNG Galaxy S24 5G 256GB Factory Unlocked - Sapphire Blue (Renewed),579.99
2024-09-14,SAMSUNG Galaxy s24 5G 128GB Phantom Black - Verizon (Renewed),470.0
2024-09-14,"SAMSUNG Galaxy S24 Cell Phone, 256GB AI Smartphone, Unlocked Android, 50MP Camera, Fastest Processor, Long Battery Life, US Version, 2024, Onyx Black (Renewed)",579.99
2024-09-14,SAMSUNG Galaxy S24 5G 256GB Factory Unlocked - Onyx Black (Renewed),579.99
2024-09-14,SAMSUNG Galaxy S24 5G 256GB Factory Unlocked - Cobalt Violet (Renewed),579.99
2024-09-14,SAMSUNG Galaxy S24 5G 256GB Factory Unlocked - Amber Yellow (Renewed),599.99
2024-09-14,SAMSUNG Galaxy S24 5G 128GB Marble Gray - TMobile Only (Renewed),574.03
2024-09-14,SAMSUNG Galaxy S24 5G 256GB Factory Unlocked - Marble Gray (Renewed),619.0
2024-09-14,"Samsung Galaxy S24 Cell Phone, 256GB AI Smartphone, Unlocked Android, 50MP Camera, Fastest Processor, Long Battery Life, US Version, 2024, Cobalt Violet (Renewed)",579.99
2024-09-14,"SAMSUNG Galaxy S24 Cell Phone, 128GB AI Smartphone, Unlocked Android, 50MP Camera, Fastest Processor, Long Battery Life, US Version, 2024, Amber Yellow (Renewed)",549.99
2024-09-15,SAMSUNG Galaxy S24 5G 128GB Factory Unlocked - Cobalt Violet (Renewed),548.0
2024-09-15,SAMSUNG Galaxy s24 5G 128GB Phantom Black - Verizon (Renewed),474.98
2024-09-15,SAMSUNG Galaxy S24 5G 256GB Factory Unlocked - Sapphire Blue (Renewed),579.99
2024-09-15,SAMSUNG Galaxy S24 5G 256GB Factory Unlocked - Cobalt Violet (Renewed),579.99
2024-09-15,SAMSUNG Galaxy S24 5G 256GB Factory Unlocked - Onyx Black (Renewed),659.0
2024-09-15,SAMSUNG Galaxy S24 5G 128GB Marble Gray - TMobile Only (Renewed),574.03
2024-09-15,SAMSUNG Galaxy S24 5G 256GB Factory Unlocked - Amber Yellow (Renewed),599.99
2024-09-15,"SAMSUNG Galaxy S24 Cell Phone, 128GB AI Smartphone, Unlocked Android, 50MP Camera, Fastest Processor, Long Battery Life, US Version, 2024, Amber Yellow (Renewed)",549.99
2024-09-15,"Samsung Galaxy S24 Cell Phone, 256GB AI Smartphone, Unlocked Android, 50MP Camera, Fastest Processor, Long Battery Life, US Version, 2024, Cobalt Violet (Renewed)",579.99
2024-09-15,SAMSUNG Galaxy S24 5G 256GB Factory Unlocked - Marble Gray (Renewed),619.0
2024-09-16,SAMSUNG Galaxy S24 5G 256GB Factory Unlocked - Sapphire Blue (Renewed),798.0
2024-09-16,SAMSUNG Galaxy S24 5G 256GB Factory Unlocked - Sapphire Blue (Renewed),579.99
2024-09-16,SAMSUNG Galaxy S24 5G 128GB Factory Unlocked - Onyx Black (Renewed),539.45
2024-09-16,SAMSUNG Galaxy s24 5G 128GB Phantom Black - Verizon (Renewed),474.98
2024-09-16,SAMSUNG Galaxy S24 5G 256GB Factory Unlocked - Cobalt Violet (Renewed),638.5
2024-09-16,SAMSUNG Galaxy S24 5G 256GB Factory Unlocked - Onyx Black (Renewed),659.0
2024-09-16,SAMSUNG Galaxy S24 5G 128GB Factory Unlocked - Sapphire Blue (Renewed),579.99
2024-09-16,SAMSUNG Galaxy S24 5G 256GB Factory Unlocked - Amber Yellow (Renewed),619.99
2024-09-16,SAMSUNG Galaxy S24 5G 256GB Factory Unlocked - Marble Gray (Renewed),579.99
2024-09-16,SAMSUNG Galaxy S24 5G 128GB Cobalt Violet - TMobile (Renewed),446.99
2024-09-16,"Samsung Galaxy S24 Cell Phone, 256GB AI Smartphone, Unlocked Android, 50MP Camera, Fastest Processor, Long Battery Life, US Version, 2024, Cobalt Violet (Renewed)",695.0
2024-09-17,SAMSUNG Galaxy S24 5G 256GB Factory Unlocked - Sapphire Blue (Renewed),798.0
2024-09-17,SAMSUNG Galaxy S24 5G 256GB Factory Unlocked - Sapphire Blue (Renewed),579.99
2024-09-17,SAMSUNG Galaxy S24 5G 128GB Factory Unlocked - Onyx Black (Renewed),549.42
2024-09-17,SAMSUNG Galaxy s24 5G 128GB Phantom Black - Verizon (Renewed),474.98
2024-09-17,SAMSUNG Galaxy S24 5G 256GB Factory Unlocked - Cobalt Violet (Renewed),638.5
2024-09-17,SAMSUNG Galaxy S24 5G 256GB Factory Unlocked - Amber Yellow (Renewed),619.99
2024-09-17,SAMSUNG Galaxy S24 5G 128GB Factory Unlocked - Sapphire Blue (Renewed),579.99
2024-09-17,SAMSUNG Galaxy S24 5G 256GB Factory Unlocked - Marble Gray (Renewed),619.0
2024-09-17,SAMSUNG Galaxy S24 5G 256GB Factory Unlocked - Onyx Black (Renewed),659.0
2024-09-17,SAMSUNG Galaxy S24 5G 128GB Cobalt Violet - TMobile (Renewed),446.99
2024-09-18,SAMSUNG Galaxy S24 5G 256GB Factory Unlocked - Sapphire Blue (Renewed),798.0
2024-09-18,SAMSUNG Galaxy S24 5G 256GB Factory Unlocked - Sapphire Blue (Renewed),619.99
2024-09-18,SAMSUNG Galaxy S24 5G 128GB Factory Unlocked - Onyx Black (Renewed),576.0
2024-09-18,SAMSUNG Galaxy s24 5G 128GB Phantom Black - Verizon (Renewed),469.98
2024-09-18,SAMSUNG Galaxy S24 5G 256GB Factory Unlocked - Onyx Black (Renewed),659.0
2024-09-18,SAMSUNG Galaxy S24 5G 256GB Factory Unlocked - Cobalt Violet (Renewed),639.0
2024-09-18,SAMSUNG Galaxy S24 5G 256GB Factory Unlocked - Amber Yellow (Renewed),599.99
2024-09-18,"SAMSUNG Galaxy S24 Cell Phone, 128GB AI Smartphone, Unlocked Android, 50MP Camera, Fastest Processor, Long Battery Life, US Version, 2024, Amber Yellow (Renewed)",549.99
2024-09-18,SAMSUNG Galaxy S24 5G 128GB Cobalt Violet - TMobile (Renewed),446.99
2024-09-18,"Samsung Galaxy S24 Cell Phone, 256GB AI Smartphone, Unlocked Android, 50MP Camera, Fastest Processor, Long Battery Life, US Version, 2024, Cobalt Violet (Renewed)",695.0
2024-09-19,SAMSUNG Galaxy S24 5G 256GB Factory Unlocked - Sapphire Blue (Renewed),898.0
2024-09-19,SAMSUNG Galaxy S24 5G 256GB Factory Unlocked - Sapphire Blue (Renewed),599.99
2024-09-19,SAMSUNG Galaxy S24 5G 128GB Factory Unlocked - Onyx Black (Renewed),556.0
2024-09-19,SAMSUNG Galaxy s24 5G 128GB Phantom Black - Verizon (Renewed),469.98
2024-09-19,SAMSUNG Galaxy S24 5G 256GB Factory Unlocked - Cobalt Violet (Renewed),639.0
2024-09-19,SAMSUNG Galaxy S24 5G 256GB Factory Unlocked - Amber Yellow (Renewed),599.99
2024-09-19,SAMSUNG Galaxy S24 5G 256GB Factory Unlocked - Onyx Black (Renewed),659.0
2024-09-19,SAMSUNG Galaxy S24 5G 128GB Cobalt Violet - TMobile (Renewed),446.99
2024-09-19,SAMSUNG Galaxy S24 5G 128GB Marble Gray - TMobile Only (Renewed),529.95
2024-09-19,SAMSUNG Galaxy S24 5G 256GB Factory Unlocked - Marble Gray (Renewed),618.5
2024-09-19,"SAMSUNG Galaxy S24 Cell Phone, 128GB AI Smartphone, Unlocked Android, 50MP Camera, Fastest Processor, Long Battery Life, US Version, 2024, Amber Yellow (Renewed)",549.99
2024-09-19,"Samsung Galaxy S24 Cell Phone, 256GB AI Smartphone, Unlocked Android, 50MP Camera, Fastest Processor, Long Battery Life, US Version, 2024, Cobalt Violet (Renewed)",695.0
2024-09-20,SAMSUNG Galaxy S24 5G 256GB Factory Unlocked - Sapphire Blue (Renewed),798.0
2024-09-20,SAMSUNG Galaxy S24 5G 256GB Factory Unlocked - Sapphire Blue (Renewed),599.99
2024-09-20,SAMSUNG Galaxy S24 5G 128GB Factory Unlocked - Onyx Black (Renewed),529.96
2024-09-20,SAMSUNG Galaxy s24 5G 128GB Phantom Black - Verizon (Renewed),468.0
2024-09-20,SAMSUNG Galaxy S24 5G 256GB Factory Unlocked - Cobalt Violet (Renewed),629.0
2024-09-20,SAMSUNG Galaxy S24 5G 256GB Factory Unlocked - Onyx Black (Renewed),637.99
2024-09-20,"SAMSUNG Galaxy S24 Cell Phone, 256GB AI Smartphone, Unlocked Android, 50MP Camera, Fastest Processor, Long Battery Life, US Version, 2024, Onyx Black (Renewed)",610.0
2024-09-20,SAMSUNG Galaxy S24 5G 256GB Factory Unlocked - Amber Yellow (Renewed),599.99
2024-09-20,SAMSUNG Galaxy S24 5G 128GB Marble Gray - TMobile Only (Renewed),529.95
2024-09-20,"SAMSUNG Galaxy S24 Cell Phone, 128GB AI Smartphone, Unlocked Android, 50MP Camera, Fastest Processor, Long Battery Life, US Version, 2024, Amber Yellow (Renewed)",548.81
2024-09-20,SAMSUNG Galaxy S24 5G 256GB Factory Unlocked - Marble Gray (Renewed),618.5
2024-09-20,"Samsung Galaxy S24 Cell Phone, 256GB AI Smartphone, Unlocked Android, 50MP Camera, Fastest Processor, Long Battery Life, US Version, 2024, Cobalt Violet (Renewed)",695.0
2024-09-21,SAMSUNG Galaxy S24 5G 256GB Factory Unlocked - Sapphire Blue (Renewed),674.99
2024-09-21,SAMSUNG Galaxy S24 5G 128GB Factory Unlocked - Onyx Black (Renewed),529.89
2024-09-21,SAMSUNG Galaxy s24 5G 128GB Phantom Black - Verizon (Renewed),474.98
2024-09-21,SAMSUNG Galaxy S24 5G 256GB Factory Unlocked - Cobalt Violet (Renewed),629.0
2024-09-21,SAMSUNG Galaxy S24 5G 256GB Factory Unlocked - Onyx Black (Renewed),634.99
2024-09-21,SAMSUNG Galaxy S24 5G 256GB Factory Unlocked - Amber Yellow (Renewed),599.0
2024-09-21,"SAMSUNG Galaxy S24 Cell Phone, 128GB AI Smartphone, Unlocked Android, 50MP Camera, Fastest Processor, Long Battery Life, US Version, 2024, Amber Yellow (Renewed)",547.99
2024-09-21,"SAMSUNG Galaxy S24 Cell Phone, 256GB AI Smartphone, Unlocked Android, 50MP Camera, Fastest Processor, Long Battery Life, US Version, 2024, Marble Gray (Renewed)",620.77
2024-09-21,SAMSUNG Galaxy S24 5G 128GB Marble Gray - TMobile Only (Renewed),546.16
2024-09-21,SAMSUNG Galaxy S24 5G 256GB Factory Unlocked - Marble Gray (Renewed),601.31
2024-09-21,"Samsung Galaxy S24 Cell Phone, 256GB AI Smartphone, Unlocked Android, 50MP Camera, Fastest Processor, Long Battery Life, US Version, 2024, Cobalt Violet (Renewed)",619.99
2024-09-22,SAMSUNG Galaxy S24 5G 128GB Factory Unlocked - Onyx Black (Renewed),525.0
2024-09-22,SAMSUNG Galaxy s24 5G 128GB Phantom Black - Verizon (Renewed),474.98
2024-09-22,SAMSUNG Galaxy S24 5G 256GB Factory Unlocked - Cobalt Violet (Renewed),629.0
2024-09-22,SAMSUNG Galaxy S24 5G 256GB Factory Unlocked - Onyx Black (Renewed),634.99
2024-09-22,SAMSUNG Galaxy S24 5G 256GB Factory Unlocked - Amber Yellow (Renewed),595.0
2024-09-22,"SAMSUNG Galaxy S24 Cell Phone, 256GB AI Smartphone, Unlocked Android, 50MP Camera, Fastest Processor, Long Battery Life, US Version, 2024, Marble Gray (Renewed)",642.79
2024-09-22,"SAMSUNG Galaxy S24 Cell Phone, 128GB AI Smartphone, Unlocked Android, 50MP Camera, Fastest Processor, Long Battery Life, US Version, 2024, Amber Yellow (Renewed)",547.99
2024-09-22,SAMSUNG Galaxy S24 5G 128GB Marble Gray - TMobile Only (Renewed),543.2
2024-09-22,SAMSUNG Galaxy S24 5G 256GB Factory Unlocked - Marble Gray (Renewed),606.23
2024-09-22,"Samsung Galaxy S24 Cell Phone, 256GB AI Smartphone, Unlocked Android, 50MP Camera, Fastest Processor, Long Battery Life, US Version, 2024, Cobalt Violet (Renewed)",619.99
2024-09-23,SAMSUNG Galaxy S24 5G 128GB Factory Unlocked - Onyx Black (Renewed),556.0
2024-09-23,SAMSUNG Galaxy s24 5G 128GB Phantom Black - Verizon (Renewed),474.98
2024-09-23,SAMSUNG Galaxy S24 5G 256GB Factory Unlocked - Onyx Black (Renewed),634.99
2024-09-23,SAMSUNG Galaxy S24 5G 256GB Factory Unlocked - Cobalt Violet (Renewed),629.0
2024-09-23,SAMSUNG Galaxy S24 5G 128GB Marble Gray - TMobile Only (Renewed),540.24
2024-09-23,"SAMSUNG Galaxy S24 Cell Phone, 128GB AI Smartphone, Unlocked Android, 50MP Camera, Fastest Processor, Long Battery Life, US Version, 2024, Amber Yellow (Renewed)",547.99
2024-09-23,"SAMSUNG Galaxy S24 Cell Phone, 256GB AI Smartphone, Unlocked Android, 50MP Camera, Fastest Processor, Long Battery Life, US Version, 2024, Marble Gray (Renewed)",642.79
2024-09-23,SAMSUNG Galaxy S24 5G 256GB Factory Unlocked - Amber Yellow (Renewed),594.99
2024-09-23,SAMSUNG Galaxy S24 5G 256GB Factory Unlocked - Marble Gray (Renewed),604.39
2024-09-23,SAMSUNG Galaxy S24 5G 256GB Factory Unlocked - Sandstone Orange (Renewed),599.99
2024-09-23,"Samsung Galaxy S24 Cell Phone, 256GB AI Smartphone, Unlocked Android, 50MP Camera, Fastest Processor, Long Battery Life, US Version, 2024, Cobalt Violet (Renewed)",619.99
2024-09-24,SAMSUNG Galaxy S24 5G 128GB Factory Unlocked - Onyx Black (Renewed),556.0
2024-09-24,SAMSUNG Galaxy s24 5G 128GB Phantom Black - Verizon (Renewed),470.0
2024-09-24,"SAMSUNG Galaxy S24 Cell Phone, 256GB AI Smartphone, Unlocked Android, 50MP Camera, Fastest Processor, Long Battery Life, US Version, 2024, Onyx Black (Renewed)",599.95
2024-09-24,"SAMSUNG Galaxy S24 Cell Phone, 128GB AI Smartphone, Unlocked Android, 50MP Camera, Fastest Processor, Long Battery Life, US Version, 2024, Amber Yellow (Renewed)",547.99
2024-09-24,SAMSUNG Galaxy S24 5G 256GB Factory Unlocked - Onyx Black (Renewed),629.99
2024-09-24,"SAMSUNG Galaxy S24 Cell Phone, 256GB AI Smartphone, Unlocked Android, 50MP Camera, Fastest Processor, Long Battery Life, US Version, 2024, Marble Gray (Renewed)",599.52
2024-09-24,SAMSUNG Galaxy S24 5G 256GB Factory Unlocked - Amber Yellow (Renewed),599.94
2024-09-24,SAMSUNG Galaxy S24 5G 256GB Factory Unlocked - Cobalt Violet (Renewed),629.0
2024-09-24,SAMSUNG Galaxy S24 5G 256GB Factory Unlocked - Marble Gray (Renewed),602.55
2024-09-24,SAMSUNG Galaxy S24 5G 128GB Marble Gray - TMobile Only (Renewed),537.38
2024-09-24,SAMSUNG Galaxy S24 5G 256GB Factory Unlocked - Sandstone Orange (Renewed),599.99
2024-09-24,"Samsung Galaxy S24 Cell Phone, 256GB AI Smartphone, Unlocked Android, 50MP Camera, Fastest Processor, Long Battery Life, US Version, 2024, Cobalt Violet (Renewed)",599.95
2024-09-25,SAMSUNG Galaxy S24 5G 128GB Factory Unlocked - Cobalt Violet (Renewed),719.99
2024-09-25,SAMSUNG Galaxy S24 5G 128GB Factory Unlocked - Cobalt Violet (Renewed),539.95
2024-09-25,"SAMSUNG Galaxy S24 Cell Phone, 256GB AI Smartphone, Unlocked Android, 50MP Camera, Fastest Processor, Long Battery Life, US Version, 2024, Onyx Black (Renewed)",598.95
2024-09-25,SAMSUNG Galaxy s24 5G 128GB Phantom Black - Verizon (Renewed),470.0
2024-09-25,"SAMSUNG Galaxy S24 Cell Phone, 128GB AI Smartphone, Unlocked Android, 50MP Camera, Fastest Processor, Long Battery Life, US Version, 2024, Amber Yellow (Renewed)",567.62
2024-09-25,SAMSUNG Galaxy S24 5G 256GB Factory Unlocked - Cobalt Violet (Renewed),618.8
2024-09-25,SAMSUNG Galaxy S24 5G 256GB Factory Unlocked - Sandstone Orange (Renewed),599.99
2024-09-25,SAMSUNG Galaxy S24 5G 256GB Factory Unlocked - Onyx Black (Renewed),619.99
2024-09-25,"SAMSUNG Galaxy S24 Cell Phone, 256GB AI Smartphone, Unlocked Android, 50MP Camera, Fastest Processor, Long Battery Life, US Version, 2024, Marble Gray (Renewed)",625.06
2024-09-25,SAMSUNG Galaxy S24 5G 256GB Factory Unlocked - Amber Yellow (Renewed),599.94
2024-09-25,SAMSUNG Galaxy S24 5G 256GB Factory Unlocked - Marble Gray (Renewed),606.13
2024-09-25,Samsung Galaxy S24 5G 128GB Marble Gray - TMobile Only (Renewed),495.7
2024-09-25,SAMSUNG Galaxy S24 5G 128GB Cobalt Violet - TMobile (Renewed),579.99
2024-09-25,"Samsung Galaxy S24 Cell Phone, 256GB AI Smartphone, Unlocked Android, 50MP Camera, Fastest Processor, Long Battery Life, US Version, 2024, Cobalt Violet (Renewed)",624.99
2024-09-26,SAMSUNG Galaxy S24 5G 128GB Factory Unlocked - Onyx Black (Renewed),556.0
2024-09-26,"SAMSUNG Galaxy S24 Cell Phone, 256GB AI Smartphone, Unlocked Android, 50MP Camera, Fastest Processor, Long Battery Life, US Version, 2024, Onyx Black (Renewed)",598.95
2024-09-26,SAMSUNG Galaxy s24 5G 128GB Phantom Black - Verizon (Renewed),470.0
2024-09-26,"SAMSUNG Galaxy S24 Cell Phone, 128GB AI Smartphone, Unlocked Android, 50MP Camera, Fastest Processor, Long Battery Life, US Version, 2024, Amber Yellow (Renewed)",567.62
2024-09-26,SAMSUNG Galaxy S24 5G 256GB Factory Unlocked - Cobalt Violet (Renewed),649.0
2024-09-26,SAMSUNG Galaxy S24 5G 256GB Factory Unlocked - Onyx Black (Renewed),614.99
2024-09-26,"SAMSUNG Galaxy S24 Cell Phone, 256GB AI Smartphone, Unlocked Android, 50MP Camera, Fastest Processor, Long Battery Life, US Version, 2024, Marble Gray (Renewed)",629.99
2024-09-26,SAMSUNG Galaxy S24 5G 256GB Factory Unlocked - Sandstone Orange (Renewed),699.99
2024-09-26,SAMSUNG Galaxy S24 5G 256GB Factory Unlocked - Amber Yellow (Renewed),599.94
2024-09-26,SAMSUNG Galaxy S24 5G 128GB Marble Gray - TMobile Only (Renewed),499.95
2024-09-26,SAMSUNG Galaxy S24 5G 256GB Factory Unlocked - Marble Gray (Renewed),600.5
2024-09-26,"Samsung Galaxy S24 Cell Phone, 256GB AI Smartphone, Unlocked Android, 50MP Camera, Fastest Processor, Long Battery Life, US Version, 2024, Cobalt Violet (Renewed)",695.0
2024-09-26,"SAMSUNG Galaxy S24 5G (128GB, 8GB) 6.2"" AMOLED 2X, 50MP Camera, Global Volte (Fully Unlocked for AT&T, Verizon, T-Mobile, Global) S921U (w/ 25W Fast Charging Cube, Onyx Black) (Renewed)",569.0
2024-09-27,SAMSUNG Galaxy S24 5G 128GB Factory Unlocked - Cobalt Violet (Renewed),719.99
2024-09-27,SAMSUNG Galaxy S24 5G 128GB Factory Unlocked - Cobalt Violet (Renewed),538.95
2024-09-27,"SAMSUNG Galaxy S24 Cell Phone, 256GB AI Smartphone, Unlocked Android, 50MP Camera, Fastest Processor, Long Battery Life, US Version, 2024, Onyx Black (Renewed)",598.95
2024-09-27,SAMSUNG Galaxy s24 5G 128GB Phantom Black - Verizon (Renewed),469.98
2024-09-27,"SAMSUNG Galaxy S24 Cell Phone, 128GB AI Smartphone, Unlocked Android, 50MP Camera, Fastest Processor, Long Battery Life, US Version, 2024, Amber Yellow (Renewed)",585.0
2024-09-27,SAMSUNG Galaxy S24 5G 128GB Marble Gray - TMobile Only (Renewed),499.95
2024-09-27,SAMSUNG Galaxy S24 5G 256GB Factory Unlocked - Cobalt Violet (Renewed),620.8
2024-09-27,SAMSUNG Galaxy S24 5G 256GB Factory Unlocked - Onyx Black (Renewed),599.99
2024-09-27,SAMSUNG Galaxy S24 5G 256GB Factory Unlocked - Amber Yellow (Renewed),585.0
2024-09-27,SAMSUNG Galaxy S24 5G 256GB Factory Unlocked - Marble Gray (Renewed),604.46
2024-09-27,"SAMSUNG Galaxy S24 5G (128GB, 8GB) 6.2"" AMOLED 2X, 50MP Camera, Global Volte (Fully Unlocked for AT&T, Verizon, T-Mobile, Global) S921U (w/ 25W Fast Charging Cube, Onyx Black) (Renewed)",569.0
2024-09-28,SAMSUNG Galaxy S24 5G 128GB Factory Unlocked - Onyx Black (Renewed),515.0
2024-09-28,"SAMSUNG Galaxy S24 Cell Phone, 256GB AI Smartphone, Unlocked Android, 50MP Camera, Fastest Processor, Long Battery Life, US Version, 2024, Onyx Black (Renewed)",598.9
2024-09-28,SAMSUNG Galaxy s24 5G 128GB Phantom Black - Verizon (Renewed),469.98
2024-09-28,"SAMSUNG Galaxy S24 Cell Phone, 128GB AI Smartphone, Unlocked Android, 50MP Camera, Fastest Processor, Long Battery Life, US Version, 2024, Amber Yellow (Renewed)",571.55
2024-09-28,SAMSUNG Galaxy S24 5G 256GB Factory Unlocked - Onyx Black (Renewed),614.99
2024-09-28,SAMSUNG Galaxy S24 5G 256GB Factory Unlocked - Cobalt Violet (Renewed),620.8
2024-09-28,SAMSUNG Galaxy S24 5G 128GB Marble Gray - TMobile Only (Renewed),499.95
2024-09-28,SAMSUNG Galaxy S24 5G 256GB Factory Unlocked - Amber Yellow (Renewed),585.0
2024-09-28,SAMSUNG Galaxy S24 5G 256GB Factory Unlocked - Marble Gray (Renewed),611.1
2024-09-28,"SAMSUNG Galaxy S24 5G (128GB, 8GB) 6.2"" AMOLED 2X, 50MP Camera, Global Volte (Fully Unlocked for AT&T, Verizon, T-Mobile, Global) S921U (w/ 25W Fast Charging Cube, Onyx Black) (Renewed)",569.0
2024-09-28,"SAMSUNG Galaxy S24 Smartphone, Cobalt Violet, 128GB Storage, Verizon (Renewed)",409.67
2024-09-29,SAMSUNG Galaxy S24 5G 128GB Factory Unlocked - Cobalt Violet (Renewed),719.99
2024-09-29,SAMSUNG Galaxy S24 5G 128GB Factory Unlocked - Cobalt Violet (Renewed),532.95
2024-09-29,"SAMSUNG Galaxy S24 Cell Phone, 256GB AI Smartphone, Unlocked Android, 50MP Camera, Fastest Processor, Long Battery Life, US Version, 2024, Onyx Black (Renewed)",598.9
2024-09-29,SAMSUNG Galaxy s24 5G 128GB Phantom Black - Verizon (Renewed),469.98
2024-09-29,"SAMSUNG Galaxy S24 Cell Phone, 128GB AI Smartphone, Unlocked Android, 50MP Camera, Fastest Processor, Long Battery Life, US Version, 2024, Amber Yellow (Renewed)",585.0
2024-09-29,SAMSUNG Galaxy S24 5G 256GB Factory Unlocked - Onyx Black (Renewed),592.99
2024-09-29,SAMSUNG Galaxy S24 5G 128GB Marble Gray - TMobile Only (Renewed),492.56
2024-09-29,"SAMSUNG Galaxy S24 5G (128GB, 8GB) 6.2"" AMOLED 2X, 50MP Camera, Global Volte (Fully Unlocked for AT&T, Verizon, T-Mobile, Global) S921U (w/ 25W Fast Charging Cube, Onyx Black) (Renewed)",539.99
2024-09-29,"SAMSUNG Galaxy S24 Smartphone, Cobalt Violet, 128GB Storage, Verizon (Renewed)",409.67
2024-09-30,"SAMSUNG Galaxy S24 Cell Phone, 256GB AI Smartphone, Unlocked Android, 50MP Camera, Fastest Processor, Long Battery Life, US Version, 2024, Onyx Black (Renewed)",598.9
2024-09-30,SAMSUNG Galaxy S24 5G 128GB Factory Unlocked - Onyx Black (Renewed),549.0
2024-09-30,"SAMSUNG Galaxy S24 Cell Phone, 128GB AI Smartphone, Unlocked Android, 50MP Camera, Fastest Processor, Long Battery Life, US Version, 2024, Amber Yellow (Renewed)",585.0
2024-09-30,SAMSUNG Galaxy S24 5G 256GB Factory Unlocked - Cobalt Violet (Renewed),620.8
2024-09-30,SAMSUNG Galaxy S24 5G 128GB Marble Gray - TMobile Only (Renewed),489.58
2024-09-30,"SAMSUNG Galaxy S24 5G (128GB, 8GB) 6.2"" AMOLED 2X, 50MP Camera, Global Volte (Fully Unlocked for AT&T, Verizon, T-Mobile, Global) S921U (w/ 25W Fast Charging Cube, Onyx Black) (Renewed)",539.99
2024-09-30,SAMSUNG Galaxy S24-128GB - Cobalt Violet (Verizon Only) (Renewed),475.0
2024-10-01,SAMSUNG Galaxy S24 5G 128GB Factory Unlocked - Onyx Black (Renewed),719.99
2024-10-01,SAMSUNG Galaxy S24 5G 128GB Factory Unlocked - Onyx Black (Renewed),549.0
2024-10-01,"SAMSUNG Galaxy S24 Cell Phone, 256GB AI Smartphone, Unlocked Android, 50MP Camera, Fastest Processor, Long Battery Life, US Version, 2024, Onyx Black (Renewed)",699.99
2024-10-01,SAMSUNG Galaxy S24 5G 256GB Factory Unlocked - Sapphire Blue (Renewed),699.99
2024-10-01,SAMSUNG Galaxy s24 5G 128GB Phantom Black - Verizon (Renewed),469.98
2024-10-01,"SAMSUNG Galaxy S24 Cell Phone, 128GB AI Smartphone, Unlocked Android, 50MP Camera, Fastest Processor, Long Battery Life, US Version, 2024, Amber Yellow (Renewed)",585.0
2024-10-01,"SAMSUNG Galaxy S24 Smartphone, Cobalt Violet, 128GB Storage, Verizon (Renewed)",408.34
2024-10-01,"SAMSUNG Galaxy S24 5G (128GB, 8GB) 6.2"" AMOLED 2X, 50MP Camera, Global Volte (Fully Unlocked for AT&T, Verizon, T-Mobile, Global) S921U (w/ 25W Fast Charging Cube, Onyx Black) (Renewed)",538.66
2024-10-01,SAMSUNG Galaxy S24 5G 128GB Marble Gray - TMobile Only (Renewed),486.62
2024-10-02,SAMSUNG Galaxy S24 5G 128GB Factory Unlocked - Onyx Black (Renewed),1151.56
2024-10-02,SAMSUNG Galaxy S24 5G 128GB Factory Unlocked - Onyx Black (Renewed),533.45
2024-10-02,"SAMSUNG Galaxy S24 Smartphone, Cobalt Violet, 128GB Storage, Verizon (Renewed)",408.34
2024-10-02,SAMSUNG Galaxy S24 5G 256GB Factory Unlocked - Sapphire Blue (Renewed),699.99
2024-10-02,"SAMSUNG Galaxy S24 Cell Phone, 256GB AI Smartphone, Unlocked Android, 50MP Camera, Fastest Processor, Long Battery Life, US Version, 2024, Onyx Black (Renewed)",660.07
2024-10-02,"SAMSUNG Galaxy S24 Cell Phone, 128GB AI Smartphone, Unlocked Android, 50MP Camera, Fastest Processor, Long Battery Life, US Version, 2024, Amber Yellow (Renewed)",585.0
2024-10-02,"SAMSUNG Galaxy S24 5G (128GB, 8GB) 6.2"" AMOLED 2X, 50MP Camera, Global Volte (Fully Unlocked for AT&T, Verizon, T-Mobile, Global) S921U (w/ 25W Fast Charging Cube, Onyx Black) (Renewed)",539.99
2024-10-03,SAMSUNG Galaxy S24 5G 128GB Factory Unlocked - Onyx Black (Renewed),719.99
2024-10-03,SAMSUNG Galaxy S24 5G 128GB Factory Unlocked - Onyx Black (Renewed),536.83
2024-10-03,"SAMSUNG Galaxy S24 Smartphone, Cobalt Violet, 128GB Storage, Verizon (Renewed)",408.34
2024-10-03,"SAMSUNG Galaxy S24 Cell Phone, 128GB AI Smartphone, Unlocked Android, 50MP Camera, Fastest Processor, Long Battery Life, US Version, 2024, Amber Yellow (Renewed)",585.0
2024-10-03,"SAMSUNG Galaxy S24 5G (128GB, 8GB) 6.2"" AMOLED 2X, 50MP Camera, Global Volte (Fully Unlocked for AT&T, Verizon, T-Mobile, Global) S921U (w/ 25W Fast Charging Cube, Onyx Black) (Renewed)",538.78
2024-10-03,"SAMSUNG Galaxy S24 Cell Phone, 256GB AI Smartphone, Unlocked Android, 50MP Camera, Fastest Processor, Long Battery Life, US Version, 2024, Onyx Black (Renewed)",660.07
2024-10-03,SAMSUNG Galaxy S24 5G 128GB Marble Gray - TMobile Only (Renewed),474.78
2024-10-03,SAMSUNG Galaxy S24 5G 256GB Factory Unlocked - Onyx Black (Renewed),618.0
2024-10-04,SAMSUNG Galaxy S24 5G 128GB Factory Unlocked - Cobalt Violet (Renewed),719.99
2024-10-04,SAMSUNG Galaxy S24 5G 128GB Factory Unlocked - Cobalt Violet (Renewed),540.0
2024-10-04,SAMSUNG Galaxy S24 5G 256GB Factory Unlocked - Sapphire Blue (Renewed),699.99
2024-10-04,"SAMSUNG Galaxy S24 Cell Phone, 256GB AI Smartphone, Unlocked Android, 50MP Camera, Fastest Processor, Long Battery Life, US Version, 2024, Onyx Black (Renewed)",629.0
2024-10-04,SAMSUNG Galaxy S24 5G 128GB Marble Gray - TMobile Only (Renewed),474.78
2024-10-04,"SAMSUNG Galaxy S24 Cell Phone, 128GB AI Smartphone, Unlocked Android, 50MP Camera, Fastest Processor, Long Battery Life, US Version, 2024, Amber Yellow (Renewed)",585.0
2024-10-04,"SAMSUNG Galaxy S24 5G (128GB, 8GB) 6.2"" AMOLED 2X, 50MP Camera, Global Volte (Fully Unlocked for AT&T, Verizon, T-Mobile, Global) S921U (w/ 25W Fast Charging Cube, Onyx Black) (Renewed)",538.83
2024-10-05,SAMSUNG Galaxy S24 5G 128GB Factory Unlocked - Onyx Black (Renewed),719.99
2024-10-05,SAMSUNG Galaxy S24 5G 128GB Factory Unlocked - Onyx Black (Renewed),542.15
2024-10-05,SAMSUNG Galaxy s24 5G 128GB Phantom Black - Verizon (Renewed),469.98
2024-10-05,SAMSUNG Galaxy S24 5G 256GB Factory Unlocked - Sapphire Blue (Renewed),699.99
2024-10-05,"SAMSUNG Galaxy S24 Cell Phone, 256GB AI Smartphone, Unlocked Android, 50MP Camera, Fastest Processor, Long Battery Life, US Version, 2024, Onyx Black (Renewed)",629.0
2024-10-05,"SAMSUNG Galaxy S24 Cell Phone, 128GB AI Smartphone, Unlocked Android, 50MP Camera, Fastest Processor, Long Battery Life, US Version, 2024, Amber Yellow (Renewed)",585.0
2024-10-05,"SAMSUNG Galaxy S24 5G (128GB, 8GB) 6.2"" AMOLED 2X, 50MP Camera, Global Volte (Fully Unlocked for AT&T, Verizon, T-Mobile, Global) S921U (w/ 25W Fast Charging Cube, Onyx Black) (Renewed)",537.77
2024-10-06,SAMSUNG Galaxy S24 5G 128GB Factory Unlocked - Onyx Black (Renewed),681.08
2024-10-06,SAMSUNG Galaxy S24 5G 128GB Factory Unlocked - Onyx Black (Renewed),548.91
2024-10-06,SAMSUNG Galaxy s24 5G 128GB Phantom Black - Verizon (Renewed),469.98
2024-10-06,SAMSUNG Galaxy S24 5G 256GB Factory Unlocked - Sapphire Blue (Renewed),699.99
2024-10-06,"SAMSUNG Galaxy S24 Cell Phone, 256GB AI Smartphone, Unlocked Android, 50MP Camera, Fastest Processor, Long Battery Life, US Version, 2024, Onyx Black (Renewed)",629.0
2024-10-06,"SAMSUNG Galaxy S24 Cell Phone, 128GB AI Smartphone, Unlocked Android, 50MP Camera, Fastest Processor, Long Battery Life, US Version, 2024, Amber Yellow (Renewed)",585.0
2024-10-06,"SAMSUNG Galaxy S24 5G (128GB, 8GB) 6.2"" AMOLED 2X, 50MP Camera, Global Volte (Fully Unlocked for AT&T, Verizon, T-Mobile, Global) S921U (w/ 25W Fast Charging Cube, Onyx Black) (Renewed)",538.83
2024-10-07,SAMSUNG Galaxy S24 5G 128GB Factory Unlocked - Onyx Black (Renewed),545.91
2024-10-07,SAMSUNG Galaxy S24 5G 256GB Factory Unlocked - Sapphire Blue (Renewed),699.99
2024-10-07,"SAMSUNG Galaxy S24 Cell Phone, 256GB AI Smartphone, Unlocked Android, 50MP Camera, Fastest Processor, Long Battery Life, US Version, 2024, Onyx Black (Renewed)",629.0
2024-10-07,SAMSUNG Galaxy s24 5G 128GB Phantom Black - Verizon (Renewed),469.98
2024-10-07,"SAMSUNG Galaxy S24 Cell Phone, 128GB AI Smartphone, Unlocked Android, 50MP Camera, Fastest Processor, Long Battery Life, US Version, 2024, Amber Yellow (Renewed)",585.0
2024-10-07,"SAMSUNG Galaxy S24 5G (128GB, 8GB) 6.2"" AMOLED 2X, 50MP Camera, Global Volte (Fully Unlocked for AT&T, Verizon, T-Mobile, Global) S921U (w/ 25W Fast Charging Cube, Onyx Black) (Renewed)",539.99
2024-10-09,SAMSUNG Galaxy S24 5G 128GB Factory Unlocked - Onyx Black (Renewed),920.53
2024-10-09,SAMSUNG Galaxy S24 5G 128GB Factory Unlocked - Onyx Black (Renewed),527.62
2024-10-09,"SAMSUNG Galaxy S24 Cell Phone, 128GB AI Smartphone, Unlocked Android, 50MP Camera, Fastest Processor, Long Battery Life, US Version, 2024, Amber Yellow (Renewed)",570.0
2024-10-09,SAMSUNG Galaxy s24 5G 128GB Phantom Black - Verizon (Renewed),538.39
2024-10-09,"SAMSUNG Galaxy S24 Cell Phone, 256GB AI Smartphone, Unlocked Android, 50MP Camera, Fastest Processor, Long Battery Life, US Version, 2024, Onyx Black (Renewed)",639.0
2024-10-09,SAMSUNG Galaxy S24 5G 128GB Marble Gray - TMobile Only (Renewed),487.15
2024-10-09,SAMSUNG Galaxy S24 5G 256GB Factory Unlocked - Onyx Black (Renewed),649.0
2024-10-09,"SAMSUNG Galaxy S24 5G (128GB, 8GB) 6.2"" AMOLED 2X, 50MP Camera, Global Volte (Fully Unlocked for AT&T, Verizon, T-Mobile, Global) S921U (w/ 25W Fast Charging Cube, Onyx Black) (Renewed)",529.0
2024-10-10,SAMSUNG Galaxy S24 5G 128GB Factory Unlocked - Cobalt Violet (Renewed),719.99
2024-10-10,SAMSUNG Galaxy S24 5G 128GB Factory Unlocked - Cobalt Violet (Renewed),534.97
2024-10-10,"SAMSUNG Galaxy S24 Cell Phone, 128GB AI Smartphone, Unlocked Android, 50MP Camera, Fastest Processor, Long Battery Life, US Version, 2024, Amber Yellow (Renewed)",570.0
2024-10-10,SAMSUNG Galaxy s24 5G 128GB Phantom Black - Verizon (Renewed),535.51
2024-10-10,"SAMSUNG Galaxy S24 Cell Phone, 256GB AI Smartphone, Unlocked Android, 50MP Camera, Fastest Processor, Long Battery Life, US Version, 2024, Onyx Black (Renewed)",639.0
2024-10-10,SAMSUNG Galaxy S24 5G 128GB Marble Gray - TMobile Only (Renewed),487.15
2024-10-10,SAMSUNG Galaxy S24 5G 256GB Factory Unlocked - Onyx Black (Renewed),639.0
2024-10-10,SAMSUNG Galaxy S24: Verizon Only - 256GB - Cobalt Violet (Renewed),573.0
2024-10-11,SAMSUNG Galaxy S24 5G 128GB Factory Unlocked - Cobalt Violet (Renewed),547.0
2024-10-11,SAMSUNG Galaxy S24 5G 256GB Factory Unlocked - Sapphire Blue (Renewed),620.0
2024-10-11,"SAMSUNG Galaxy S24 Cell Phone, 128GB AI Smartphone, Unlocked Android, 50MP Camera, Fastest Processor, Long Battery Life, US Version, 2024, Amber Yellow (Renewed)",585.0
2024-10-11,SAMSUNG Galaxy s24 5G 128GB Phantom Black - Verizon (Renewed),532.63
2024-10-11,"SAMSUNG Galaxy S24 5G (128GB, 8GB) 6.2"" AMOLED 2X, 50MP Camera, Global Volte (Fully Unlocked for AT&T, Verizon, T-Mobile, Global) S921U (w/ 25W Fast Charging Cube, Onyx Black) (Renewed)",529.0
2024-10-11,SAMSUNG Galaxy S24 5G 128GB Marble Gray - TMobile Only (Renewed),487.15
2024-10-12,SAMSUNG Galaxy S24 5G 128GB Factory Unlocked - Cobalt Violet (Renewed),528.21
2024-10-12,SAMSUNG Galaxy s24 5G 128GB Phantom Black - Verizon (Renewed),474.95
2024-10-12,SAMSUNG Galaxy S24 5G 256GB Factory Unlocked - Sapphire Blue (Renewed),699.99
2024-10-12,"SAMSUNG Galaxy S24 Cell Phone, 128GB AI Smartphone, Unlocked Android, 50MP Camera, Fastest Processor, Long Battery Life, US Version, 2024, Amber Yellow (Renewed)",585.0
2024-10-12,SAMSUNG Galaxy S24 5G 128GB Marble Gray - TMobile Only (Renewed),474.51
2024-10-12,"SAMSUNG Galaxy S24 5G (128GB, 8GB) 6.2"" AMOLED 2X, 50MP Camera, Global Volte (Fully Unlocked for AT&T, Verizon, T-Mobile, Global) S921U (w/ 25W Fast Charging Cube, Onyx Black) (Renewed)",518.99
2024-10-13,SAMSUNG Galaxy S24 5G 128GB Factory Unlocked - Cobalt Violet (Renewed),528.21
2024-10-13,SAMSUNG Galaxy s24 5G 128GB Phantom Black - Verizon (Renewed),474.95
2024-10-13,"SAMSUNG Galaxy S24 Cell Phone, 128GB AI Smartphone, Unlocked Android, 50MP Camera, Fastest Processor, Long Battery Life, US Version, 2024, Amber Yellow (Renewed)",585.0
2024-10-13,SAMSUNG Galaxy S24 5G 256GB Factory Unlocked - Sapphire Blue (Renewed),699.99
2024-10-13,SAMSUNG Galaxy S24 5G 128GB Marble Gray - TMobile Only (Renewed),467.17
2024-10-13,"SAMSUNG Galaxy S24 5G (128GB, 8GB) 6.2"" AMOLED 2X, 50MP Camera, Global Volte (Fully Unlocked for AT&T, Verizon, T-Mobile, Global) S921U (w/ 25W Fast Charging Cube, Onyx Black) (Renewed)",509.99
2024-10-14,SAMSUNG Galaxy S24 5G 128GB Factory Unlocked - Cobalt Violet (Renewed),528.21
2024-10-14,SAMSUNG Galaxy s24 5G 128GB Phantom Black - Verizon (Renewed),474.95
2024-10-14,"SAMSUNG Galaxy S24 Cell Phone, 128GB AI Smartphone, Unlocked Android, 50MP Camera, Fastest Processor, Long Battery Life, US Version, 2024, Amber Yellow (Renewed)",585.0
2024-10-14,SAMSUNG Galaxy S24 5G 128GB Marble Gray - TMobile Only (Renewed),467.17
2024-10-14,"SAMSUNG Galaxy S24 5G (128GB, 8GB) 6.2"" AMOLED 2X, 50MP Camera, Global Volte (Fully Unlocked for AT&T, Verizon, T-Mobile, Global) S921U (w/ 25W Fast Charging Cube, Onyx Black) (Renewed)",519.99
2024-10-14,SAMSUNG Galaxy S24 5G 256GB Factory Unlocked - Onyx Black (Renewed),639.0
2024-10-17,SAMSUNG Galaxy S24 5G 128GB Factory Unlocked - Onyx Black (Renewed),491.48
2024-10-17,SAMSUNG Galaxy s24 5G 128GB Phantom Black - Verizon (Renewed),474.95
2024-10-17,"SAMSUNG Galaxy S24 Cell Phone, 128GB AI Smartphone, Unlocked Android, 50MP Camera, Fastest Processor, Long Battery Life, US Version, 2024, Amber Yellow (Renewed)",585.0
2024-10-17,"SAMSUNG Galaxy S24 Cell Phone, 256GB AI Smartphone, Unlocked Android, 50MP Camera, Fastest Processor, Long Battery Life, US Version, 2024, Onyx Black (Renewed)",634.99
2024-10-17,"SAMSUNG Galaxy S24 5G (128GB, 8GB) 6.2"" AMOLED 2X, 50MP Camera, Global Volte (Fully Unlocked for AT&T, Verizon, T-Mobile, Global) S921U (w/ 25W Fast Charging Cube, Onyx Black) (Renewed)",499.0
2024-10-17,SAMSUNG Galaxy S24 5G 256GB Factory Unlocked - Onyx Black (Renewed),638.0
2024-10-17,SAMSUNG Galaxy S24 5G 128GB Marble Gray - TMobile Only (Renewed),539.95
2024-10-17,SAMSUNG Galaxy S24: Verizon Only - 128GB - Marble Gray (Renewed),436.81
2024-10-18,SAMSUNG Galaxy S24 5G 128GB Factory Unlocked - Cobalt Violet (Renewed),513.93
2024-10-18,"SAMSUNG Galaxy S24 Cell Phone, 256GB AI Smartphone, Unlocked Android, 50MP Camera, Fastest Processor, Long Battery Life, US Version, 2024, Onyx Black (Renewed)",629.99
2024-10-18,SAMSUNG Galaxy s24 5G 128GB Phantom Black - Verizon (Renewed),473.95
2024-10-18,"SAMSUNG Galaxy S24 Cell Phone, 128GB AI Smartphone, Unlocked Android, 50MP Camera, Fastest Processor, Long Battery Life, US Version, 2024, Amber Yellow (Renewed)",584.0
2024-10-18,"SAMSUNG Galaxy S24 5G (128GB, 8GB) 6.2"" AMOLED 2X, 50MP Camera, Global Volte (Fully Unlocked for AT&T, Verizon, T-Mobile, Global) S921U (w/ 25W Fast Charging Cube, Onyx Black) (Renewed)",499.0
2024-10-18,SAMSUNG Galaxy S24 5G 256GB Factory Unlocked - Onyx Black (Renewed),638.0
2024-10-18,SAMSUNG Galaxy S24 5G 128GB Marble Gray - TMobile Only (Renewed),539.95
2024-10-19,SAMSUNG Galaxy S24 5G 128GB Factory Unlocked - Onyx Black (Renewed),478.3
2024-10-19,"SAMSUNG Galaxy S24 5G, US Version, 256GB, Onyx Black - Unlocked (Renewed)",618.0
2024-10-19,SAMSUNG Galaxy S24 5G 128GB Factory Unlocked - Cobalt Violet (Renewed),509.61
2024-10-19,"SAMSUNG Galaxy S24 5G (128GB, 8GB) 6.2"" AMOLED 2X, 50MP Camera, Global Volte (Fully Unlocked for AT&T, Verizon, T-Mobile, Global) S921U (w/ 25W Fast Charging Cube, Onyx Black) (Renewed)",509.99
2024-10-19,SAMSUNG Galaxy S24 5G 256GB Factory Unlocked - Cobalt Violet (Renewed),599.0
2024-10-19,SAMSUNG Galaxy S24 5G 128GB Factory Unlocked - Amber Yellow (Renewed),521.71
2024-10-19,SAMSUNG Galaxy S24 5G 128GB Marble Gray - TMobile Only (Renewed),539.95
2024-10-19,SAMSUNG Galaxy S24 5G 256GB Factory Unlocked - Onyx Black (Renewed),638.0
2024-10-19,SAMSUNG Galaxy S24 5G 256GB Factory Unlocked - Marble Gray (Renewed),618.0
2024-10-19,SAMSUNG Galaxy S24 5G 128GB Factory Unlocked - Marble Gray (Renewed),549.99
2024-10-20,SAMSUNG Galaxy S24 5G 128GB Factory Unlocked - Onyx Black (Renewed),478.3
2024-10-20,"SAMSUNG Galaxy S24 5G, US Version, 256GB, Onyx Black - Unlocked (Renewed)",628.99
2024-10-20,SAMSUNG Galaxy S24 5G 128GB Factory Unlocked - Cobalt Violet (Renewed),509.63
2024-10-20,"SAMSUNG Galaxy S24 5G (128GB, 8GB) 6.2"" AMOLED 2X, 50MP Camera, Global Volte (Fully Unlocked for AT&T, Verizon, T-Mobile, Global) S921U (w/ 25W Fast Charging Cube, Onyx Black) (Renewed)",509.99
2024-10-20,SAMSUNG Galaxy S24 5G 256GB Factory Unlocked - Cobalt Violet (Renewed),599.0
2024-10-20,SAMSUNG Galaxy S24 5G 128GB Factory Unlocked - Amber Yellow (Renewed),521.76
2024-10-20,SAMSUNG Galaxy S24 5G 128GB Marble Gray - TMobile Only (Renewed),539.95
2024-10-20,SAMSUNG Galaxy S24 5G 256GB Factory Unlocked - Onyx Black (Renewed),638.0
2024-10-20,SAMSUNG Galaxy S24 5G 128GB Factory Unlocked - Marble Gray (Renewed),544.0
2024-10-20,SAMSUNG Galaxy S24 5G 256GB Factory Unlocked - Marble Gray (Renewed),618.0
2024-10-21,SAMSUNG Galaxy S24 5G 128GB Factory Unlocked - Onyx Black (Renewed),477.2
2024-10-21,SAMSUNG Galaxy S24 5G 128GB Factory Unlocked - Cobalt Violet (Renewed),509.63
2024-10-21,"SAMSUNG Galaxy S24 5G, US Version, 128GB, Amber Yellow - Unlocked (Renewed)",584.0
2024-10-21,"SAMSUNG Galaxy S24 5G (128GB, 8GB) 6.2"" AMOLED 2X, 50MP Camera, Global Volte (Fully Unlocked for AT&T, Verizon, T-Mobile, Global) S921U (w/ 25W Fast Charging Cube, Onyx Black) (Renewed)",509.99
2024-10-21,SAMSUNG Galaxy S24 5G 128GB Factory Unlocked - Amber Yellow (Renewed),533.5
2024-10-21,SAMSUNG Galaxy S24 5G 256GB Factory Unlocked - Cobalt Violet (Renewed),629.0
2024-10-21,SAMSUNG Galaxy S24 5G 128GB Marble Gray - TMobile Only (Renewed),539.95
2024-10-21,SAMSUNG Galaxy S24 5G 128GB Factory Unlocked - Marble Gray (Renewed),544.0
2024-10-21,SAMSUNG Galaxy S24 5G 256GB Factory Unlocked - Onyx Black (Renewed),639.0
2024-10-21,SAMSUNG Galaxy S24 5G 256GB Factory Unlocked - Marble Gray (Renewed),618.0
2024-10-22,SAMSUNG Galaxy S24 5G 128GB Factory Unlocked - Onyx Black (Renewed),515.47
2024-10-22,SAMSUNG Galaxy S24 5G 128GB Factory Unlocked - Cobalt Violet (Renewed),506.41
2024-10-22,"SAMSUNG Galaxy S24 5G, US Version, 128GB, Amber Yellow - Unlocked (Renewed)",584.0
2024-10-22,"SAMSUNG Galaxy S24 5G (128GB, 8GB) 6.2"" AMOLED 2X, 50MP Camera, Global Volte (Fully Unlocked for AT&T, Verizon, T-Mobile, Global) S921U (w/ 25W Fast Charging Cube, Onyx Black) (Renewed)",509.99
2024-10-22,SAMSUNG Galaxy S24 5G 256GB Factory Unlocked - Cobalt Violet (Renewed),614.49
2024-10-22,SAMSUNG Galaxy S24 5G 128GB Factory Unlocked - Marble Gray (Renewed),575.0
2024-10-22,SAMSUNG Galaxy S24 5G 128GB Factory Unlocked - Amber Yellow (Renewed),530.96
2024-10-22,SAMSUNG Galaxy S24 5G 128GB Marble Gray - TMobile Only (Renewed),497.79
2024-10-22,SAMSUNG Galaxy S24 5G 256GB Factory Unlocked - Marble Gray (Renewed),618.0
2024-10-22,SAMSUNG Galaxy S24 5G 256GB Factory Unlocked - Onyx Black (Renewed),639.0
2024-10-23,SAMSUNG Galaxy S24 5G 128GB Factory Unlocked - Onyx Black (Renewed),510.0
2024-10-23,SAMSUNG Galaxy S24 5G 128GB Factory Unlocked - Cobalt Violet (Renewed),505.33
2024-10-23,"SAMSUNG Galaxy S24 5G (128GB, 8GB) 6.2"" AMOLED 2X, 50MP Camera, Global Volte (Fully Unlocked for AT&T, Verizon, T-Mobile, Global) S921U (w/ 25W Fast Charging Cube, Onyx Black) (Renewed)",519.99
2024-10-23,"SAMSUNG Galaxy S24 5G, US Version, 128GB, Amber Yellow - Unlocked (Renewed)",584.0
2024-10-23,SAMSUNG Galaxy S24 5G 128GB Factory Unlocked - Marble Gray (Renewed),540.0
2024-10-23,SAMSUNG Galaxy S24 5G 256GB Factory Unlocked - Cobalt Violet (Renewed),600.0
2024-10-23,SAMSUNG Galaxy S24 5G 128GB Marble Gray - TMobile Only (Renewed),539.95
2024-10-23,SAMSUNG Galaxy S24 5G 128GB Factory Unlocked - Amber Yellow (Renewed),530.96
2024-10-23,SAMSUNG Galaxy S24 5G 256GB Factory Unlocked - Marble Gray (Renewed),618.0
2024-10-23,SAMSUNG Galaxy S24 5G 256GB Factory Unlocked - Onyx Black (Renewed),639.0
2024-10-24,SAMSUNG Galaxy S24 5G 128GB Factory Unlocked - Onyx Black (Renewed),556.0
2024-10-24,SAMSUNG Galaxy S24 5G 128GB Factory Unlocked - Cobalt Violet (Renewed),499.11
2024-10-24,"SAMSUNG Galaxy S24 5G, US Version, 128GB, Amber Yellow - Unlocked (Renewed)",584.0
2024-10-24,SAMSUNG Galaxy S24 5G 256GB Factory Unlocked - Cobalt Violet (Renewed),597.08
2024-10-24,SAMSUNG Galaxy S24 5G 128GB Marble Gray - TMobile Only (Renewed),539.95
2024-10-24,SAMSUNG Galaxy S24 5G 128GB Factory Unlocked - Marble Gray (Renewed),540.0
2024-10-24,SAMSUNG Galaxy S24 5G 128GB Factory Unlocked - Amber Yellow (Renewed),530.96
2024-10-24,SAMSUNG Galaxy S24 5G 256GB Factory Unlocked - Onyx Black (Renewed),638.0
2024-10-24,SAMSUNG Galaxy S24 5G 256GB Factory Unlocked - Marble Gray (Renewed),618.5
